4146900,search department 
4313488,
4302569,
4311170,
4317597,
4125362,
4313300,
4316088,
4312502,
4125313,
4125337,
4125295,
4125258,
4125350,
4106604,
4314146,
4102532,
4125374,
4125647,
4100006,
4113748,
4103469,
4125635,
4313099,
4300056,
4160295,
4125325,
4166182,
4125283,
4160775,
4103445,
4125301,
4318322,
4101138,
4103457,
4113645,
4107803,
4123493,
4124436,
4124448,
4124461,
4124473,
4317421,
4139543,
4108509,
4155470,
4100638,
4155469,
4155494,
4155512,
4155524,
4155536,
4155548,
4105831,
4161627,
4119234,
4155500,
4166911,
4117870,
4113785,
4124485,
4112331,
4165402,
4139038,
4116154,
4107931,
4139051,
4128168,
4157120,
4157132,
4139555,
4122634,
4122658,
4122646,
4123183,
4121277,
4121290,
4121289,
4163569,
4139567,
4152705,
4152717,
4317184,
4113797,
4317299,
4148556,
4106550,
4103263,
4148489,
4145270,
4148441,
4119921,
4148544,
4148520,
4148465,
4318437,
4309229,
4307889,
4302818,
4311662,
4307786,
4112057,
4110796,
4148453,
4148507,
4119933,
4000451,
4100973,
4160842,
4313233,
4152134,
4126068,
4126044,
4126056,
4146912,
4146924,
4304177,
4117894,
4135318,
4163909,
4126081,
4165864,
4105119,
4132020,
4122270,
4121307,
4122282,
4122294,
4313713,
4164823,
4118941,
4131106,
4131088,
4131076,
4107943,
4318942,
4117900,
4131118,
4118953,
4126093,
4126111,
4141264,
4317974,
4139579,
4106562,
4109241,
4144782,
4166893,
4144800,
4144812,
4144824,
4135355,
4135938,
4139580,
4147667,
4163120,
4155676,
4158239,
4142712,
4142773,
4142724,
4126135,
4126123,
4126147,
4116233,
4103482,
4116245,
4312575,
4128181,
4117912,
4143017,
4126160,
4126172,
4145695,
4158203,
4106574,
4160556,
4301036,
4310530,
4102544,
4100018,
4311716,
4126202,
4101151,
4165724,
4103500,
4103494,
4113153,
4126184,
4106628,
4126238,
4113165,
4126196,
4000151,
4126226,
4154350,
4301309,
4113967,
4307245,
4117924,
4111594,
4158057,
4113803,
4303173,
4163193,
4151002,
4151014,
4119441,
4162516,
4162917,
4165141,
4163612,
4123511,
4123833,
4123535,
4123547,
4164732,
4161329,
4131209,
4100778,
4318802,
4146092,
4146122,
4146080,
4165347,
4119143,
4301516,
4315394,
4131234,
4118965,
4108200,
4302521,
4102556,
4103512,
4128429,
4300408,
4101163,
4128430,
4166017,
4128417,
4128247,
4312095,
4100031,
4301747,
4311212,
4113505,
4107311,
4128442,
4155706,
4107487,
4123559,
4166923,
4123560,
4163594,
4163557,
4123584,
4123596,
4165372,
4164628,
4132354,
4154106,
4302211,
4308456,
4154155,
4102179,
4154131,
4154088,
4103160,
4154143,
4100845,
4108984,
4106306,
4154118,
4119684,
4302910,
4110851,
4109757,
4144216,
4101072,
4144307,
4112021,
4144290,
4102441,
4137522,
4108406,
4137534,
4118382,
4112033,
4117936,
4120157,
4110516,
4131465,
4159803,
4113839,
4113852,
4101187,
4138800,
4101126,
4119842,
4112185,
4138812,
4308766,
4109861,
4139609,
4109873,
4139610,
4300305,
4318668,
4139622,
4112197,
4120315,
4105818,
4131519,
4108479,
4131507,
4103524,
4123626,
4319259,
4165566,
4139646,
4139671,
4162097,
4139701,
4139713,
4300925,
4317986,
4120327,
4109903,
4139634,
4310669,
4316568,
4316994,
4129562,
4166406,
4165189,
4129665,
4129616,
4134545,
4129641,
4129653,
4105120,
4313932,
4316489,
4129604,
4300639,
4101576,
4105132,
4300627,
4118205,
4105144,
4100304,
4316957,
4301978,
4129550,
4107967,
4129549,
4129598,
4145701,
4149342,
4140004,
4132044,
4132056,
4132068,
4132081,
4119003,
4133589,
4302077,
4105156,
4132032,
4139725,
4309825,
4309837,
4161615,
4162012,
4302831,
4147989,
4147941,
4147990,
4148003,
4165554,
4106586,
4147928,
4147965,
4109289,
4319247,
4102325,
4119945,
4311595,
4147916,
4161706,
4310505,
4135380,
4145713,
4122300,
4122312,
4135409,
4141276,
4165499,
4318061,
4124497,
4103536,
4123638,
4135410,
4122324,
4116257,
4139737,
4302387,
4139749,
4155718,
4135422,
4126263,
4117948,
4109290,
4117249,
4153266,
4135434,
4103548,
4116269,
4164616,
4112999,
4106653,
4122336,
4117961,
4308857,
4316799,
4316775,
4117985,
4120169,
4315928,
4118023,
4100997,
4118047,
4118035,
4118059,
4164410,
4310980,
4102337,
4117973,
4103287,
4117997,
4106598,
4109307,
4312046,
4313130,
4313014,
4159542,
4110784,
4000452,
4111570,
4155731,
4149366,
4143029,
4101175,
4117092,
4106677,
4103561,
4103573,
4117067,
4113013,
4113001,
4117109,
4109939,
4117080,
4117110,
4139063,
4139075,
4139087,
4158173,
4143856,
4154362,
4113918,
4132901,
4132913,
4316271,
4158100,
4143030,
4109319,
4148015,
4119957,
4122348,
4148027,
4135446,
4111983,
4135458,
4166972,
4135471,
4136001,
4111582,
4120054,
4109320,
4106689,
4127310,
4135495,
4135501,
4135367,
4135513,
4109332,
4135707,
4135483,
4120066,
4151099,
4151051,
4151105,
4151087,
4119453,
4108522,
4124503,
4103585,
4112537,
4121319,
4121320,
4164963,
4312964,
4311339,
4112549,
4121356,
4121368,
4312678,
4312563,
4121332,
4109940,
4159591,
4100043,
4162632,
4121344,
4103603,
4102568,
4103597,
4158094,
4314444,
4317032,
4166479,
4000152,
4160386,
4144848,
4147266,
4140016,
4109344,
4113931,
4113943,
4145749,
4121393,
4152730,
4119660,
4165840,
4116270,
4165839,
4124527,
4124539,
4103627,
4113657,
4124564,
4106720,
4124515,
4113955,
4157144,
4152158,
4308493,
4145737,
4128193,
4128715,
4113517,
4161743,
4123675,
4163831,
4163855,
4123663,
4164884,
4163843,
4106732,
4123651,
4103639,
4151117,
4151129,
4127322,
4302132,
4101990,
4145774,
4146158,
4119763,
4145750,
4105843,
4145798,
4101588,
4165384,
4136645,
4136670,
4162747,
4136712,
4301991,
4136621,
4136657,
4118394,
4105168,
4107979,
4136682,
4136633,
4159670,
4136669,
4115150,
4115149,
4115174,
4151646,
4118400,
4101606,
4162553,
4316544,
4136797,
4136773,
4309850,
4136761,
4136785,
4100328,
4315473,
4136736,
4166431,
4136803,
4313865,
4105193,
4110383,
4102799,
4136724,
4107980,
4309096,
4300652,
4105181,
4159608,
4136748,
4141288,
4118540,
4141306,
4152171,
4118825,
4110395,
4139154,
4105211,
4139129,
4139142,
4102805,
4166054,
4139117,
4304037,
4107992,
4139130,
4163478,
4163387,
4139105,
4101631,
4145804,
4163314,
4145816,
4143042,
4143054,
4118217,
4102787,
4101618,
4143066,
4143121,
4100341,
4108005,
4143078,
4143091,
4311030,
4143108,
4165633,
4105223,
4143133,
4143145,
4127334,
4127346,
4118084,
4118072,
4126329,
4109356,
4148076,
4148040,
4163727,
4148052,
4111600,
4146961,
4309643,
4316726,
4131040,
4312836,
4131064,
4131210,
4131477,
4118977,
4100353,
4165992,
4131052,
4101643,
4105235,
4308900,
4108017,
4162711,
4131155,
4123687,
4311601,
4103640,
4165463,
4127358,
4102581,
4317512,
4316416,
4315965,
4127395,
4101199,
4127383,
4106744,
4100067,
4318127,
4127371,
4166042,
4113566,
4165591,
4127401,
4162346,
4314286,
4128223,
4113529,
4311406,
4152869,
4151130,
4121411,
4312630,
4318917,
4142141,
4106768,
4113979,
4113980,
4311285,
4152183,
4157715,
4157703,
4122361,
4122373,
4122385,
4152195,
4105855,
4149391,
4108558,
4160337,
4144861,
4137224,
4137236,
4152845,
4138150,
4138162,
4118096,
4318905,
4166388,
4166145,
4122397,
4141343,
4141331,
4135537,
4109368,
4135525,
4166571,
4157181,
4114649,
4116294,
4103652,
4116282,
4113025,
4116543,
4164781,
4106781,
4131131,
4152857,
4310566,
4151142,
4151154,
4105867,
4102003,
4151191,
4151208,
4108571,
4110565,
4100663,
4119465,
4159785,
4000351,
4158148,
4103664,
4160398,
4301899,
4157223,
4157247,
4157211,
4119349,
4135550,
4120078,
4109381,
4135549,
4307531,
4136037,
4136049,
4316106,
4319028,
4110413,
4166637,
4132196,
4105247,
4119015,
4162310,
4132159,
4158070,
4317263,
4141355,
4141367,
4148088,
4157259,
4157272,
4108583,
4155755,
4152201,
4124576,
4301371,
4118102,
4143157,
4164768,
4143169,
4118229,
4105259,
4114030,
4144885,
4319521,
4165013,
4158215,
4165918,
4141380,
4108030,
4141379,
4105260,
4118552,
4141392,
4101655,
4116300,
4118114,
4114042,
4163533,
4163259,
4114054,
4106793,
4114066,
4103676,
4112896,
4142700,
4123699,
4131143,
4145841,
4147709,
4147692,
4154374,
4154386,
4131167,
4136827,
4136839,
4136815,
4153205,
4102349,
4135562,
4165475,
4165438,
4135641,
4135914,
4109411,
4314419,
4111612,
4101011,
4135586,
4103299,
4135574,
4120091,
4159827,
4110772,
4121423,
4145865,
4145890,
4146997,
4145907,
4132925,
4112902,
4103688,
4313737,
4114091,
4114078,
4106811,
4143170,
4124588,
4123705,
4124606,
4113682,
4124667,
4124643,
4124679,
4313038,
4103718,
4310438,
4124655,
4124631,
4164914,
4314468,
4166169,
4317548,
4124618,
4103706,
4300421,
4317615,
4301942,
4106835,
4149445,
4149408,
4139191,
4166765,
4100675,
4110577,
4163132,
4311832,
4149469,
4102015,
4105879,
4149494,
4149512,
4149524,
4149500,
4108595,
4119209,
4314183,
4159724,
4166315,
4161330,
4310529,
4152225,
4152213,
4132160,
4108601,
4160349,
4149548,
4149573,
4132937,
4147059,
4147047,
4147072,
4166376,
4108613,
4138654,
4311777,
4138691,
4138174,
4162000,
4141410,
4157284,
4105272,
4319454,
4141422,
4118564,
4141434,
4163399,
4310128,
4309941,
4163405,
4123730,
4123729,
4123742,
4123754,
4162875,
4103731,
4123717,
4106847,
4113396,
4319089,
4166200,
4135689,
4135677,
4109423,
4120108,
4135665,
4116324,
4117250,
4122403,
4318140,
4123766,
4118126,
4116336,
4118138,
4120170,
4118151,
4124680,
4145919,
4157697,
4141446,
4114108,
4124692,
4317524,
4318255,
4307397,
4122580,
4316921,
4309588,
4101217,
4103743,
4122555,
4122567,
4122506,
4122579,
4122592,
4122452,
4318310,
4312526,
4100079,
4122439,
4102611,
4311182,
4122464,
4311881,
4103755,
4167071,
4122476,
4316386,
4112689,
4106859,
4110966,
4109976,
4111168,
4111387,
4103767,
4122415,
4166236,
4159840,
4159487,
4160064,
4122440,
4122531,
4103779,
4318875,
4122543,
4112690,
4155779,
4316672,
4155767,
4155809,
4105880,
4300822,
4317962,
4101667,
4105284,
4160301,
4102829,
4108054,
4105296,
4136888,
4110401,
4136931,
4136918,
4136876,
4312769,
4136906,
4136840,
4136852,
4159694,
4302004,
4136864,
4118412,
4100377,
4132172,
4139208,
4145920,
4311844,
4126421,
4161238,
4113177,
4311972,
4318619,
4318711,
4316738,
4103780,
4110000,
4103792,
4113189,
4310396,
4317500,
4319399,
4126366,
4303112,
4126408,
4159852,
4126378,
4316763,
4106860,
4126391,
4127413,
4106872,
4127425,
4123195,
4166091,
4103809,
4310748,
4123201,
4123213,
4123237,
4123225,
4307403,
4106641,
4112707,
4112719,
4123249,
4123250,
4155822,
4316465,
4123778,
4164380,
4157673,
4143194,
4115186,
4115198,
4111089,
4136943,
4164677,
4127437,
4127449,
4150630,
4117031,
4117043,
4117055,
4158331,
4311054,
4302922,
4145439,
4315497,
4145452,
4145464,
4108650,
4316933,
4145336,
4105909,
4311455,
4310049,
4312484,
4315710,
4165323,
4310554,
4318000,
4164987,
4105892,
4313907,
4105958,
4103032,
4145348,
4145476,
4119064,
4311443,
4307129,
4317573,
4304086,
4307208,
4145567,
4312162,
4313567,
4311625,
4313154,
4312241,
4311819,
4301188,
4309400,
4105910,
4102027,
4145555,
4161652,
4105922,
4119076,
4308274,
4145361,
4145671,
4310931,
4315369,
4311467,
4308262,
4313208,
4145609,
4145385,
4165980,
4105934,
4111521,
4312927,
4303094,
4119088,
4108637,
4145622,
4145397,
4145403,
4312137,
4145658,
4317731,
4100699,
4103044,
4309990,
4300998,
4111363,
4145580,
4313762,
4318553,
4145373,
4145427,
4119106,
4318334,
4316222,
4317925,
4319181,
4317585,
4000330,
4145610,
4319156,
4160799,
4165955,
4105946,
4145592,
4108649,
4145440,
4145646,
4312447,
4110589,
4159967,
4159931,
4308535,
4161573,
4309345,
4111120,
4308559,
4300792,
4304098,
4000352,
4158410,
4105971,
4145488,
4145634,
4145506,
4319004,
4318516,
4145518,
4145531,
4303008,
4100687,
4102039,
4119118,
4145543,
4105983,
4119131,
4314365,
4128259,
4319545,
4108066,
4100389,
4119027,
4132433,
4313464,
4132147,
4132007,
4101679,
4105302,
4160441,
4102830,
4304062,
4131994,
4116348,
4122609,
4122622,
4122610,
4307312,
4117286,
4152237,
4108674,
4145932,
4311066,
4309473,
4302879,
4117353,
4312459,
4316532,
4300378,
4102350,
4318498,
4117390,
4103305,
4120224,
4117377,
4111636,
4117389,
4117407,
4117419,
4101023,
4311248,
4111648,
4117365,
4300500,
4109435,
4117316,
4314080,
4120236,
4317287,
4159529,
4317160,
4318620,
4110802,
4156966,
4155846,
4155858,
4156954,
4132962,
4152249,
4142748,
4142761,
4151221,
4108686,
4301541,
4151233,
4163685,
4105995,
4100705,
4310086,
4102064,
4160465,
4143285,
4101680,
4143273,
4143261,
4108078,
4105314,
4143327,
4143339,
4143236,
4143224,
4143212,
4143248,
4118230,
4141458,
4161354,
4300871,
4127474,
4127486,
4127450,
4106896,
4103810,
4113578,
4147126,
4313087,
4308298,
4307348,
4143923,
4111661,
4313002,
4109447,
4143947,
4301590,
4319375,
4121447,
4121435,
4122075,
4161846,
4121459,
4121460,
4121472,
4131180,
4310578,
4152250,
4152262,
4163181,
4114133,
4165359,
4314262,
4112914,
4102623,
4316040,
4316805,
4114157,
4101229,
4114121,
4114170,
4103822,
4100092,
4114145,
4103834,
4106902,
4112926,
4114169,
4148106,
4166728,
4123791,
4116361,
4156978,
4108698,
4308249,
4106008,
4156991,
4127504,
4103846,
4116373,
4116385,
4113037,
4103858,
4105326,
4143315,
4163302,
4143303,
4100390,
4101692,
4118242,
4143297,
4114674,
4114686,
4114698,
4165177,
4114716,
4114741,
4114753,
4114765,
4106938,
4161779,
4103871,
4113621,
4114194,
4166418,
4132184,
4145944,
4124709,
4138186,
4144897,
4137005,
4309163,
4302442,
4114212,
4114303,
4110024,
4114297,
4317895,
4307415,
4308171,
4103883,
4101230,
4114273,
4114285,
4165049,
4164999,
4114200,
4160581,
4103895,
4164562,
4102635,
4100109,
4317470,
4114261,
4103901,
4106963,
4314274,
4316556,
4161901,
4112938,
4160180,
4000153,
4114248,
4114236,
4112951,
4114327,
4114224,
4103913,
4161536,
4110991,
4153497,
4153254,
4301589,
4152274,
4108704,
4145956,
4147151,
4147163,
4137029,
4137017,
4160428,
4138198,
4122026,
4122014,
4138204,
4154921,
4154945,
4106033,
4119611,
4122671,
4113049,
4106975,
4116397,
4148118,
4126433,
4128296,
4114340,
4140028,
4128302,
4124722,
4124710,
4318863,
4123808,
4113402,
4106045,
4161408,
4108716,
4145968,
4123821,
4155883,
4108728,
4149597,
4151257,
4134727,
4154969,
4117420,
4148155,
4148143,
4111673,
4309230,
4109459,
4148131,
4131192,
4137030,
4142165,
4139221,
4157296,
4116117,
4165268,
4165256,
4145981,
4154404,
4110590,
4119246,
4319429,
4159748,
4139233,
4114352,
4155901,
4100729,
4311364,
4106057,
4154416,
4160246,
4153515,
4138216,
4109460,
4102362,
4148179,
4148209,
4111685,
4307890,
4119982,
4110814,
4148180,
4141471,
4166820,
4302971,
4302624,
4311352,
4310815,
4129768,
4319041,
4313920,
4105107,
4101709,
4313671,
4129677,
4318206,
4300706,
4315527,
4317007,
4316684,
4310475,
4311649,
4312721,
4309758,
4129689,
4100407,
4129707,
4129781,
4110425,
4118692,
4129690,
4315205,
4166698,
4147758,
4300664,
4300676,
4303574,
4313646,
4129719,
4105090,
4113906,
4158379,
4101710,
4118709,
4100419,
4307105,
4111545,
4105089,
4129720,
4129732,
4102842,
4160052,
4108108,
4309680,
4129744,
4129756,
4303288,
4312654,
4129793,
4307725,
4303276,
4300433,
4300688,
4111090,
4118710,
4129823,
4129835,
4129847,
4100420,
4110978,
4114868,
4107001,
4160283,
4312022,
4317408,
4301176,
4114881,
4114856,
4163144,
4164586,
4103925,
4114947,
4303240,
4301930,
4100110,
4313063,
4102647,
4103949,
4114959,
4114893,
4312824,
4314298,
4309308,
4103937,
4162309,
4114923,
4114960,
4101242,
4137819,
4302491,
4317342,
4313221,
4122208,
4312733,
4100134,
4317044,
4318504,
4102659,
4122087,
4113335,
4122178,
4317809,
4311029,
4122269,
4103950,
4308626,
4122142,
4161792,
4122099,
4122245,
4122166,
4122233,
4122257,
4122191,
4122154,
4100122,
4313841,
4113360,
4113347,
4161810,
4312472,
4101266,
4103962,
4313026,
4311297,
4311157,
4317445,
4313270,
4312071,
4111491,
4165219,
4166881,
4103998,
4113359,
4107037,
4110073,
4107025,
4166133,
4319430,
4313828,
4318887,
4103974,
4122105,
4159517,
4164835,
4161937,
4122117,
4318693,
4000154,
4122221,
4103986,
4165104,
4318814,
4318954,
4122129,
4122130,
4101254,
4160544,
4301711,
4141495,
4132986,
4114364,
4300032,
4145993,
4110681,
4313269,
4147722,
4147710,
4116403,
4105065,
4118576,
4141616,
4141628,
4141501,
4143959,
4108753,
4316192,
4316209,
4149615,
4149627,
4149639,
4149603,
4114984,
4107062,
4104000,
4303951,
4163521,
4114996,
4110048,
4114972,
4164355,
4309795,
4143960,
4311376,
4115009,
4133802,
4107074,
4104024,
4110085,
4121514,
4121484,
4121526,
4121538,
4121551,
4166029,
4102660,
4112550,
4123080,
4121496,
4104012,
4159451,
4112562,
4121502,
4153527,
4116415,
4144010,
4124746,
4107086,
4113694,
4104036,
4124734,
4124758,
4121575,
4315382,
4147230,
4147205,
4146006,
4300809,
4144903,
4147734,
4147746,
4122683,
4162735,
4153539,
4105053,
4141537,
4141549,
4102854,
4141525,
4108121,
4118588,
4131222,
4155913,
4155925,
4155949,
4147254,
4138733,
4318541,
4143996,
4121587,
4107098,
4112574,
4161731,
4122695,
4139245,
4132275,
4132214,
4101722,
4132238,
4132263,
4132226,
4132330,
4132202,
4105041,
4110437,
4312010,
4119039,
4108133,
4159633,
4132299,
4146018,
4142736,
4312988,
4155950,
4139257,
4151270,
4151269,
4302107,
4143340,
4138228,
4166005,
4124771,
4161342,
4164847,
4143352,
4162358,
4128314,
4124783,
4108777,
4146031,
4135719,
4135720,
4164689,
4133000,
4144009,
4123857,
4107104,
4123845,
4162140,
4127516,
4107116,
4166273,
4141550,
4111454,
4108789,
4152298,
4166789,
4117444,
4115204,
4117018,
4118163,
4144034,
4154428,
4152304,
4315734,
4109472,
4314420,
4139774,
4139804,
4139816,
4111697,
4303367,
4139786,
4133012,
4160210,
4123869,
4123870,
4124795,
4119672,
4153564,
4121988,
4122002,
4148210,
4126482,
4133036,
4154441,
4317329,
4154465,
4154453,
4156887,
4156875,
4155974,
4155962,
4158161,
4137054,
4137066,
4137078,
4137091,
4137108,
4105028,
4318735,
4111211,
4118424,
4301759,
4108145,
4137121,
4137340,
4302946,
4302582,
4131313,
4317937,
4110449,
4131325,
4312745,
4130114,
4130060,
4313294,
4309989,
4105016,
4101801,
4101758,
4101746,
4312228,
4314067,
4317561,
4319065,
4118291,
4129859,
4130230,
4130242,
4315722,
4165700,
4100468,
4111107,
4130229,
4303975,
4317147,
4311510,
4161457,
4105004,
4312757,
4309734,
4129860,
4100432,
4118369,
4129872,
4101795,
4104991,
4129938,
4166704,
4130059,
4130072,
4130084,
4130126,
4130138,
4130163,
4130199,
4130217,
4130266,
4129884,
4105570,
4129987,
4129896,
4110462,
4118308,
4101771,
4101734,
4131337,
4101783,
4137698,
4317433,
4309436,
4104978,
4104966,
4314328,
4316210,
4129902,
4104954,
4303987,
4159980,
4108169,
4303082,
4129914,
4104930,
4110127,
4100444,
4111405,
4104942,
4165712,
4104929,
4308316,
4129926,
4118321,
4137315,
4130047,
4104917,
4313610,
4312794,
4130096,
4311492,
4309102,
4318528,
4319508,
4118345,
4118357,
4118370,
4000230,
4130205,
4129951,
4130102,
4108157,
4110930,
4309059,
4130151,
4159505,
4160118,
4118448,
4304359,
4308420,
4000251,
4129975,
4137327,
4129999,
4118333,
4130175,
4110139,
4137339,
4100456,
4130254,
4130023,
4129963,
4108807,
4102040,
4106069,
4307270,
4156012,
4155986,
4156061,
4156073,
4156103,
4156085,
4156097,
4156024,
4166534,
4301620,
4156036,
4119258,
4155998,
4133048,
4149640,
4149652,
4106070,
4126639,
4126809,
4113232,
4301413,
4141562,
4141574,
4133073,
4156115,
4123882,
4118187,
4127541,
4107128,
4308948,
4308985,
4300615,
4309047,
4126494,
4118199,
4119854,
4158082,
4124801,
4122713,
4308614,
4318486,
4122749,
4312150,
4112720,
4162656,
4122750,
4100146,
4301292,
4122737,
4107141,
4315977,
4122701,
4104061,
4101278,
4311558,
4122725,
4104048,
4313816,
4319223,
4166856,
4112732,
4314249,
4146067,
4106082,
4119155,
4146055,
4146079,
4108819,
4110826,
4139828,
4139841,
4139853,
4120339,
4160726,
4109484,
4154763,
4310724,
4153606,
4153618,
4153643,
4133085,
4132950,
4122786,
4152316,
4122774,
4122762,
4161858,
4128326,
4108170,
4133103,
4133097,
4104905,
4118904,
4115010,
4163284,
4304165,
4151282,
4151294,
4300858,
4316647,
4317779,
4302752,
4106094,
4146882,
4311959,
4106112,
4318103,
4146857,
4158343,
4146845,
4146791,
4146766,
4146778,
4146833,
4146808,
4146870,
4166960,
4146869,
4106100,
4310177,
4165979,
4164707,
4312101,
4164719,
4160015,
4307853,
4146821,
4000353,
4119544,
4100742,
4102052,
4126500,
4307191,
4117134,
4319491,
4104073,
4301905,
4113050,
4107153,
4117122,
4165621,
4104085,
4116427,
4107165,
4304323,
4116452,
4116439,
4116440,
4113062,
4137182,
4137194,
4137145,
4137169,
4137170,
4108182,
4144046,
4144058,
4115216,
4113463,
4309333,
4107177,
4127553,
4318462,
4166509,
4117468,
4109496,
4137200,
4114388,
4128387,
4128363,
4107189,
4161755,
4315400,
4104097,
4115228,
4159815,
4110309,
4101291,
4115241,
4115253,
4165098,
4102672,
4100158,
4163454,
4158033,
4000155,
4115265,
4143364,
4118254,
4137212,
4153540,
4153758,
4144927,
4318723,
4144939,
4141598,
4105338,
4141604,
4108194,
4111302,
4118606,
4141586,
4303021,
4302697,
4102088,
4161263,
4112264,
4156139,
4304141,
4302168,
4316179,
4311911,
4156140,
4110607,
4156164,
4102076,
4156231,
4156218,
4156206,
4156188,
4108832,
4156255,
4100754,
4156152,
4103081,
4106124,
4119271,
4162474,
4309849,
4309205,
4106136,
4161809,
4156176,
4156267,
4111703,
4120121,
4135732,
4135690,
4109502,
4117481,
4135744,
4109514,
4120133,
4135756,
4135781,
4135768,
4111715,
4124321,
4127565,
4137844,
4124813,
4153783,
4153795,
4154040,
4128478,
4128399,
4113530,
4128405,
4104152,
4316982,
4109952,
4159888,
4107190,
4128351,
4141641,
4156280,
4154179,
4153813,
4311753,
4107207,
4123894,
4164604,
4104103,
4113414,
4123900,
4110152,
4159566,
4310773,
4137868,
4137923,
4111727,
4120182,
4137881,
4164458,
4137911,
4137893,
4102374,
4109526,
4156279,
4135793,
4157302,
4114625,
4162425,
4144083,
4147394,
4118618,
4141665,
4141653,
4123316,
4314122,
4123274,
4104127,
4112744,
4123286,
4107219,
4123298,
4104115,
4123304,
4123262,
4123912,
4166170,
4124825,
4107220,
4123328,
4123353,
4123341,
4112756,
4107426,
4123365,
4319387,
4146134,
4104139,
4121630,
4101308,
4311017,
4112586,
4121976,
4121599,
4121642,
4104140,
4110164,
4121629,
4162395,
4107232,
4121605,
4160684,
4314250,
4164720,
4121617,
4126512,
4126561,
4126846,
4109538,
4139877,
4103329,
4139981,
4139907,
4139919,
4139865,
4165852,
4111739,
4162152,
4120340,
4165827,
4302363,
4139932,
4143376,
4307294,
4138794,
4122798,
4164926,
4139269,
4108224,
4316751,
4137248,
4137042,
4118436,
4147680,
4116464,
4143388,
4146572,
4166777,
4146201,
4163466,
4135823,
4316878,
4124849,
4104164,
4107244,
4161767,
4124837,
4144599,
4310244,
4154490,
4317755,
4150423,
4161196,
4302120,
4310918,
4311145,
4150435,
4102106,
4163508,
4154519,
4106161,
4106148,
4150459,
4154477,
4100766,
4103093,
4166935,
4150460,
4108856,
4310499,
4154489,
4000354,
4119623,
4119040,
4132329,
4302090,
4132111,
4153837,
4301449,
4123924,
4302466,
4116634,
4316362,
4101321,
4107268,
4116622,
4113074,
4309138,
4116592,
4104176,
4116658,
4110954,
4167010,
4166832,
4104188,
4113086,
4116580,
4116646,
4116609,
4317366,
4312307,
4317639,
4116488,
4307087,
4116671,
4102684,
4103470,
4101333,
4116506,
4116531,
4104206,
4116555,
4319107,
4308997,
4318371,
4317627,
4100171,
4116567,
4116610,
4110176,
4163740,
4160143,
4159700,
4161512,
4116476,
4318450,
4000156,
4121654,
4156292,
4108868,
4127577,
4308237,
4154908,
4311856,
4141677,
4137273,
4137261,
4137285,
4301334,
4149688,
4302983,
4302636,
4319132,
4313555,
4130321,
4110942,
4130291,
4130278,
4307439,
4130436,
4318425,
4165517,
4309412,
4317019,
4130357,
4101813,
4312186,
4317883,
4130308,
4100493,
4105351,
4130801,
4110450,
4105430,
4313749,
4301206,
4130333,
4100481,
4130370,
4130382,
4105363,
4118801,
4130679,
4108273,
4166996,
4130795,
4130497,
4313178,
4111338,
4101850,
4102908,
4160003,
4111119,
4130448,
4130461,
4316337,
4158367,
4105442,
4108261,
4130485,
4130473,
4130394,
4162498,
4101837,
4131374,
4105375,
4315746,
4130515,
4130503,
4161871,
4309084,
4105387,
4105399,
4105405,
4309394,
4313944,
4108236,
4118746,
4100511,
4310670,
4317093,
4105417,
4130709,
4130412,
4311996,
4130539,
4130552,
4130576,
4314341,
4300755,
4300731,
4319442,
4118813,
4307828,
4130588,
4108248,
4130618,
4130631,
4130643,
4160209,
4130680,
4130692,
4318747,
4111077,
4167083,
4161226,
4000252,
4317068,
4165670,
4130722,
4130734,
4300743,
4316490,
4130667,
4130771,
4130758,
4130783,
4101849,
4108212,
4118795,
4130825,
4113098,
4317081,
4113876,
4116683,
4116701,
4116695,
4107281,
4146225,
4146237,
4163053,
4146213,
4111740,
4164264,
4117523,
4109551,
4117511,
4000453,
4111442,
4116737,
4104218,
4112240,
4116725,
4116713,
4113104,
4137303,
4137959,
4123936,
4141689,
4318413,
4111995,
4105454,
4133127,
4309874,
4133425,
4165815,
4154520,
4117535,
4134557,
4302338,
4117547,
4117559,
4134569,
4141690,
4112276,
4117560,
4138241,
4156309,
4161561,
4144101,
4109563,
4111752,
4120418,
4160076,
4144095,
4146250,
4135847,
4146262,
4144113,
4144137,
4111764,
4120431,
4109575,
4148234,
4148222,
4111776,
4148295,
4119994,
4109587,
4111788,
4102398,
4138277,
4311583,
4119738,
4109599,
4138265,
4138289,
4301061,
4127589,
4127590,
4163600,
4137960,
4137972,
4123948,
4163776,
4104231,
4162371,
4124850,
4107323,
4116750,
4116749,
4151300,
4158112,
4147308,
4311546,
4102945,
4105545,
4308869,
4139282,
4101862,
4139026,
4108303,
4301504,
4308377,
4308730,
4139014,
4138964,
4100523,
4138976,
4105491,
4118849,
4139002,
4165360,
4138988,
4144952,
4317767,
4301693,
4301097,
4317020,
4144964,
4119866,
4144940,
4144976,
4309783,
4111806,
4109605,
4121666,
4139270,
4139397,
4143406,
4167009,
4163752,
4133115,
4133176,
4133152,
4315552,
4118916,
4315758,
4133164,
4105508,
4108315,
4133140,
4133188,
4156322,
4165116,
4163077,
4141720,
4141719,
4147333,
4301577,
4152341,
4161676,
4147357,
4319053,
4301929,
4115277,
4146274,
4319478,
4108881,
4119179,
4318966,
4310785,
4102118,
4106173,
4146286,
4311686,
4165931,
4311431,
4116762,
4135859,
4109629,
4165396,
4102520,
4319235,
4138319,
4138307,
4109617,
4111831,
4111041,
4138629,
4307865,
4119799,
4138290,
4146316,
4146304,
4153850,
4153849,
4116774,
4110206,
4316039,
4126548,
4104243,
4107335,
4126524,
4160192,
4126536,
4316817,
4160416,
4158069,
4124862,
4102957,
4108327,
4118989,
4131301,
4131349,
4162851,
4100547,
4303628,
4131258,
4105521,
4101886,
4131283,
4131271,
4318899,
4115034,
4115022,
4105533,
4141732,
4307269,
4310736,
4108340,
4141756,
4141768,
4164641,
4111429,
4105557,
4118631,
4301632,
4319296,
4139300,
4104255,
4123961,
4110218,
4101345,
4163090,
4113438,
4123973,
4303902,
4123985,
4107347,
4159578,
4167058,
4123997,
4122804,
4122816,
4104267,
4112768,
4124011,
4144988,
4141781,
4122828,
4135860,
4104279,
4124898,
4124874,
4131350,
4124023,
4124047,
4124035,
4166078,
4146328,
4149160,
4132895,
4105569,
4133218,
4104280,
4124059,
4124060,
4163235,
4107372,
4115289,
4122841,
4112781,
4144149,
4122865,
4122853,
4152353,
4161391,
4117572,
4124928,
4162188,
4141793,
4311947,
4139336,
4156863,
4156851,
4119283,
4145154,
4131362,
4151324,
4163673,
4115290,
4128454,
4115046,
4133267,
4133279,
4165487,
4319314,
4163788,
4124072,
4156334,
4122877,
4317652,
4121678,
4161834,
4100183,
4122889,
4110231,
4164549,
4122890,
4301152,
4122919,
4102696,
4112811,
4122920,
4122932,
4122907,
4104309,
4122944,
4111430,
4104292,
4124084,
4112793,
4316350,
4101357,
4164513,
4315989,
4316015,
4000157,
4107414,
4148301,
4141823,
4141811,
4122956,
4110371,
4307099,
4137376,
4161159,
4137364,
4137352,
4135872,
4156358,
4137406,
4158136,
4137388,
4108911,
4156395,
4156462,
4106185,
4156401,
4156383,
4119295,
4164434,
4124941,
4104310,
4162504,
4124953,
4300494,
4158124,
4312903,
4102131,
4161688,
4157314,
4157338,
4157363,
4157375,
4157351,
4106197,
4108923,
4312538,
4157387,
4148313,
4131969,
4146353,
4116786,
4127607,
4127619,
4135884,
4116798,
4313981,
4124278,
4124291,
4107438,
4124308,
4113451,
4117584,
4156474,
4139348,
4118850,
4137996,
4137984,
4164240,
4111843,
4120194,
4109630,
4124096,
4124102,
4303033,
4302703,
4155329,
4155342,
4310037,
4155354,
4161597,
4311868,
4309953,
4112343,
4155330,
4106203,
4155366,
4155378,
4155391,
4155408,
4155421,
4155445,
4110632,
4308833,
4103123,
4161275,
4161986,
4100808,
4300834,
4312009,
4155457,
4312666,
4155317,
4317172,
4106215,
4307488,
4106227,
4159773,
4300214,
4156000,
4000355,
4119301,
4108935,
4155433,
4145002,
4141835,
4141847,
4138010,
4156498,
4122968,
4149767,
4107451,
4115319,
4316945,
4101369,
4165505,
4104322,
4165669,
4100195,
4318838,
4113499,
4102702,
4115307,
4301966,
4133292,
4165050,
4135896,
4156553,
4126597,
4147370,
4156577,
4131404,
4108352,
4105582,
4162085,
4139361,
4162334,
4314201,
4123420,
4104346,
4123407,
4123419,
4107360,
4104334,
4123377,
4112823,
4165645,
4123432,
4144150,
4137431,
4105594,
4137443,
4137418,
4118461,
4143418,
4133309,
4114406,
4156589,
4143443,
4301486,
4143431,
4122981,
4117596,
4124114,
4146389,
4132342,
4119052,
4115344,
4115332,
4311534,
4137467,
4118473,
4137479,
4137480,
4105600,
4137455,
4314353,
4101904,
4130837,
4110103,
4130849,
4130862,
4312265,
4130874,
4318565,
4309060,
4100559,
4301218,
4101898,
4132998,
4131027,
4110486,
4131015,
4105612,
4101916,
4105624,
4130898,
4118874,
4130886,
4102969,
4132949,
4105636,
4118886,
4100560,
4165748,
4130916,
4130928,
4118898,
4131398,
4160313,
4110115,
4301681,
4313440,
4105648,
4130941,
4310372,
4161421,
4316581,
4308547,
4162322,
4130953,
4302995,
4302661,
4000253,
4130965,
4105673,
4130990,
4130989,
4138320,
4144174,
4144198,
4109654,
4143819,
4317603,
4120455,
4144186,
4111855,
4319302,
4111867,
4138332,
4138356,
4138344,
4109666,
4119805,
4105685,
4137509,
4137510,
4137492,
4118485,
4108364,
4141859,
4141860,
4116804,
4138368,
4138381,
4138393,
4122993,
4314195,
4104358,
4107463,
4123006,
4112835,
4166601,
4303719,
4315588,
4106239,
4119556,
4166108,
4149809,
4164574,
4149822,
4149883,
4103147,
4108947,
4149846,
4149858,
4149792,
4149871,
4312976,
4125386,
4125398,
4135902,
4148325,
4302272,
4302958,
4302612,
4102970,
4108376,
4118266,
4313877,
4142943,
4312770,
4142967,
4142979,
4142980,
4142992,
4164975,
4100572,
4142888,
4142955,
4316258,
4142906,
4101928,
4142931,
4105697,
4110498,
4317251,
4309114,
4309217,
4000254,
4105703,
4141884,
4141872,
4141896,
4302892,
4111892,
4140041,
4300317,
4308912,
4307336,
4103330,
4311790,
4140107,
4102404,
4160568,
4140065,
4140119,
4163739,
4140053,
4140089,
4101047,
4307324,
4309618,
4300391,
4300512,
4308924,
4306940,
4111417,
4311728,
4310451,
4110838,
4301838,
4120352,
4161639,
4167034,
4109691,
4111880,
4166686,
4111879,
4142177,
4162541,
4114418,
4141902,
4149901,
4316507,
4315485,
4149895,
4164756,
4123031,
4112847,
4141914,
4133310,
4133280,
4165736,
4166212,
4133322,
4318930,
4116178,
4116191,
4165426,
4116221,
4161366,
4116166,
4112987,
4126007,
4126615,
4126627,
4113207,
4163417,
4156590,
4156607,
4121691,
4121708,
4161925,
4112598,
4149706,
4303057,
4302788,
4111909,
4138502,
4313622,
4109708,
4308808,
4317913,
4307506,
4138423,
4119829,
4111144,
4319405,
4304207,
4138575,
4102416,
4300366,
4318644,
4301231,
4142153,
4138496,
4111934,
4138411,
4138551,
4138599,
4160805,
4111946,
4138447,
4138484,
4138605,
4313889,
4111922,
4313506,
4111910,
4138459,
4161664,
4103342,
4138460,
4138435,
4138587,
4302259,
4110863,
4316295,
4138472,
4138514,
4138563,
4300123,
4310116,
4159979,
4162061,
4300354,
4318656,
4101059,
4138526,
4313701,
4314390,
4303343,
4106240,
4156905,
4156917,
4156929,
4119313,
4318401,
4307932,
4154532,
4154611,
4108960,
4106252,
4119635,
4102155,
4154544,
4154623,
4154568,
4301358,
4154593,
4154556,
4313919,
4150629,
4318218,
4302016,
4143455,
4143479,
4161822,
4108297,
4136979,
4118497,
4136992,
4136967,
4105715,
4154064,
4138745,
4140120,
4302855,
4302867,
4101060,
4120200,
4138022,
4310906,
4111958,
4109721,
4149718,
4302144,
4149937,
4149925,
4163764,
4149913,
4125234,
4152560,
4156619,
4131416,
4124126,
4138617,
4138903,
4139415,
4124965,
4148349,
4148350,
4166741,
4111971,
4127632,
4127644,
4127656,
4138058,
4138034,
4138046,
4316829,
4135926,
4307968,
4102428,
4300470,
4112008,
4145051,
4145038,
4144873,
4166716,
4145026,
4145099,
4165232,
4145105,
4145117,
4145129,
4166868,
4145014,
4145087,
4311005,
4110875,
4165943,
4119878,
4145075,
4159554,
4145063,
4300342,
4311650,
4109733,
4108972,
4106264,
4106276,
4304153,
4157065,
4102167,
4317330,
4157107,
4157119,
4110693,
4157077,
4157089,
4106288,
4300275,
4307762,
4100833,
4119362,
4157090,
4157053,
4126652,
4126664,
4126640,
4107517,
4124977,
4156620,
4107529,
4165785,
4112604,
4121721,
4113116,
4300603,
4116981,
4117006,
4116993,
4107530,
4316052,
4114431,
4158197,
4117602,
4165153,
4117614,
4159797,
4109745,
4110887,
4105727,
4141926,
4108388,
4141938,
4149743,
4156644,
4300846,
4312551,
4313439,
4156632,
4156656,
4109988,
4127668,
4159657,
4144277,
4146249,
4146390,
4124989,
4144319,
4139439,
4139427,
4166844,
4135963,
4135951,
4302296,
4135987,
4300901,
4134703,
4134715,
4308705,
4158264,
4123043,
4114467,
4154635,
4140132,
4140144,
4114479,
4146407,
4148374,
4148386,
4131428,
4310013,
4120005,
4151385,
4121733,
4121745,
4154647,
4106331,
4142128,
4147400,
4141951,
4115393,
4115381,
4115411,
4115368,
4151373,
4316155,
4154660,
4308183,
4154672,
4102180,
4154684,
4154696,
4154702,
4109010,
4310657,
4100857,
4106343,
4132366,
4132378,
4107566,
4104383,
4110243,
4126706,
4126718,
4113219,
4101370,
4100201,
4126731,
4104371,
4126767,
4126779,
4126457,
4126755,
4159918,
4160179,
4162620,
4126585,
4126688,
4157430,
4102192,
4152754,
4157454,
4157570,
4157442,
4106355,
4109022,
4307804,
4301826,
4301851,
4110656,
4141987,
4300767,
4141975,
4105739,
4118643,
4141963,
4127681,
4156681,
4318577,
4156711,
4113724,
4102714,
4301954,
4317536,
4125118,
4314006,
4312496,
4311169,
4125003,
4101382,
4125076,
4164951,
4163119,
4104401,
4303963,
4318164,
4303537,
4100213,
4110255,
4125015,
4314316,
4317901,
4166261,
4308250,
4125106,
4104395,
4107578,
4313427,
4314304,
4300068,
4125131,
4104413,
4124990,
4125064,
4125039,
4301814,
4125040,
4125088,
4125052,
4127267,
4309424,
4307427,
4104425,
4303926,
4307257,
4310104,
4107591,
4127206,
4160751,
4101394,
4127218,
4127255,
4127498,
4127279,
4127231,
4127243,
4127280,
4127292,
4104437,
4100225,
4318826,
4160763,
4309278,
4102726,
4301474,
4161172,
4318267,
4164501,
4124163,
4162383,
4124151,
4107608,
4126780,
4157028,
4316180,
4156826,
4139440,
4301498,
4138071,
4166121,
4138095,
4120212,
4302302,
4144320,
4100584,
4110504,
4101941,
4307440,
4142013,
4105740,
4141999,
4118655,
4108418,
4142025,
4318309,
4307713,
4164409,
4160878,
4116816,
4154714,
4139464,
4139452,
4302028,
4156735,
4310220,
4156747,
4132093,
4152559,
4116828,
4150551,
4124175,
4317743,
4102453,
4143789,
4110899,
4143790,
4144071,
4112045,
4300949,
4101084,
4109769,
4312174,
4313117,
4314523,
4302375,
4120479,
4144332,
4131441,
4131453,
4150575,
4302429,
4310827,
4110267,
4159645,
4316623,
4121769,
4121794,
4104449,
4101400,
4165967,
4121812,
4121757,
4122038,
4121770,
4121800,
4121782,
4104450,
4104474,
4121824,
4317275,
4107621,
4112641,
4112653,
4112628,
4160027,
4111004,
4104462,
4160167,
4111181,
4302764,
4149950,
4150034,
4318589,
4119581,
4106379,
4150009,
4149949,
4150010,
4150022,
4110668,
4149998,
4106367,
4102209,
4149962,
4100870,
4149974,
4159864,
4161585,
4149986,
4109046,
4119568,
4102982,
4108431,
4311194,
4101953,
4142049,
4142050,
4145245,
4142074,
4142098,
4142116,
4118667,
4100596,
4142104,
4111508,
4162784,
4313051,
4142037,
4105752,
4142086,
4143510,
4143522,
4143492,
4118278,
4117638,
4146419,
4138770,
4138861,
4138642,
4138630,
4115058,
4109101,
4311091,
4102210,
4106380,
4119398,
4300287,
4152377,
4147382,
4126792,
4125143,
4154180,
4300883,
4315412,
4151336,
4119477,
4151348,
4151361,
4108996,
4106318,
4318231,
4138873,
4312587,
4145178,
4145191,
4146456,
4146468,
4136025,
4135343,
4145142,
4106392,
4109071,
4146432,
4146195,
4146444,
4316477,
4300810,
4111466,
4108741,
4156759,
4154726,
4314389,
4154738,
4154751,
4121848,
4138113,
4115071,
4115083,
4116841,
4163879,
4116853,
4110279,
4163867,
4159682,
4143534,
4150046,
4310311,
4133334,
4143935,
4109770,
4117651,
4127693,
4312460,
4314456,
4300299,
4100882,
4109083,
4166819,
4150101,
4150095,
4106409,
4150071,
4161780,
4125155,
4148398,
4133358,
4165529,
4165530,
4133371,
4133346,
4157831,
4166790,
4154167,
4136694,
4118503,
4136608,
4136578,
4136700,
4310633,
4136591,
4105764,
4302934,
4302417,
4312861,
4311789,
4301875,
4310001,
4121113,
4166443,
4120893,
4120492,
4310165,
4112513,
4107694,
4120728,
4107657,
4161950,
4313580,
4309072,
4312915,
4312344,
4318383,
4315436,
4314109,
4112501,
4120716,
4110292,
4159463,
4112458,
4120911,
4121150,
4310839,
4308353,
4301863,
4104486,
4104498,
4120923,
4316696,
4121009,
4104590,
4120777,
4318048,
4110929,
4104759,
4318085,
4300597,
4300585,
4303847,
4312290,
4120509,
4104723,
4121198,
4317949,
4104747,
4121125,
4107669,
4120704,
4313518,
4311303,
4301139,
4301127,
4301140,
4104504,
4112495,
4111399,
4120686,
4318139,
4112422,
4104681,
4101515,
4101527,
4101412,
4104607,
4310645,
4120522,
4120613,
4121101,
4165797,
4120534,
4120972,
4120558,
4121216,
4120984,
4121071,
4165803,
4120807,
4121149,
4121095,
4120819,
4110310,
4159621,
4107736,
4107724,
4121265,
4316027,
4166455,
4104711,
4107682,
4162796,
4110280,
4120790,
4120546,
4120820,
4120741,
4104516,
4319533,
4317391,
4312216,
4311613,
4111016,
4303124,
4307385,
4318395,
4311935,
4317810,
4313531,
4313774,
4313890,
4313804,
4166248,
4112471,
4120571,
4100262,
4311236,
4101436,
4104619,
4163636,
4316714,
4318279,
4317676,
4301425,
4104528,
4303872,
4100249,
4100237,
4101497,
4120698,
4314092,
4310888,
4311480,
4318991,
4319144,
4309801,
4319260,
4313798,
4318772,
4312617,
4104656,
4104541,
4104553,
4318152,
4121137,
4107670,
4157983,
4107633,
4120583,
4112483,
4312848,
4100274,
4121022,
4303823,
4315990,
4300573,
4111193,
4164859,
4120649,
4120935,
4101424,
4307373,
4313786,
4319168,
4300561,
4313415,
4301280,
4120601,
4112355,
4104644,
4120844,
4121228,
4104668,
4112434,
4316453,
4121010,
4121241,
4165414,
4120625,
4318292,
4311315,
4314432,
4313075,
4319326,
4317159,
4112409,
4317202,
4120637,
4120789,
4112410,
4112367,
4000130,
4120753,
4121174,
4112446,
4101539,
4112525,
4101473,
4120832,
4120650,
4121253,
4112379,
4104565,
4120947,
4112380,
4112392,
4121204,
4310761,
4160040,
4165281,
4160131,
4160908,
4303859,
4307178,
4120662,
4107712,
4120856,
4104735,
4120959,
4304335,
4318796,
4157995,
4166327,
4000158,
4107645,
4121162,
4101448,
4121058,
4120960,
4301802,
4312332,
4303136,
4312034,
4301656,
4121083,
4316428,
4315448,
4120868,
4317482,
4107700,
4120510,
4104577,
4303860,
4315576,
4300974,
4101461,
4120595,
4101485,
4104620,
4121046,
4121034,
4104693,
4100250,
4317718,
4120765,
4310141,
4104589,
4106410,
4157545,
4157508,
4157557,
4157491,
4157521,
4157533,
4162164,
4126810,
4113244,
4162292,
4107748,
4127711,
4146481,
4137546,
4165608,
4158021,
4114480,
4163107,
4165888,
4124187,
4117213,
4116865,
4113128,
4125167,
4138125,
4316854,
4302533,
4128120,
4107761,
4128235,
4312885,
4101540,
4128132,
4128156,
4100286,
4319193,
4104760,
4128144,
4150137,
4150514,
4150496,
4150599,
4166157,
4102465,
4117663,
4117675,
4112069,
4120285,
4117699,
4117705,
4109794,
4133383,
4146547,
4146493,
4100900,
4309151,
4146511,
4109113,
4146535,
4106434,
4310943,
4119180,
4157843,
4154799,
4151397,
4119489,
4106446,
4138757,
4138721,
4138769,
4152390,
4106458,
4312873,
4152419,
4152407,
4119404,
4152420,
4109137,
4313166,
4163442,
4307518,
4144745,
4307130,
4301243,
4165293,
4144642,
4162668,
4102477,
4165542,
4167046,
4144666,
4144691,
4144708,
4162437,
4144629,
4144630,
4144733,
4144757,
4144769,
4144770,
4144678,
4313245,
4317846,
4313609,
4112070,
4110905,
4111533,
4103378,
4109800,
4307877,
4000430,
4302260,
4159475,
4000454,
4144721,
4112082,
4112094,
4101096,
4151415,
4109149,
4152511,
4152523,
4102234,
4100912,
4302119,
4164793,
4119416,
4106471,
4110747,
4152432,
4160866,
4106483,
4308821,
4152456,
4152468,
4152481,
4152493,
4117778,
4101102,
4109812,
4308596,
4301267,
4117730,
4117729,
4112100,
4300913,
4311340,
4102489,
4103391,
4311273,
4117742,
4120297,
4117754,
4312113,
4137571,
4137583,
4137558,
4137595,
4107773,
4114509,
4165451,
4114510,
4112975,
4114492,
4117791,
4153242,
4163260,
4163272,
4157892,
4309631,
4302843,
4135045,
4312708,
4135069,
4135057,
4109836,
4112161,
4120030,
4111156,
4135082,
4120029,
4102507,
4317822,
4314043,
4312629,
4301255,
4310876,
4111314,
4101114,
4135094,
4160519,
4135264,
4135185,
4135276,
4135288,
4135197,
4300330,
4110917,
4135203,
4300895,
4112148,
4162899,
4135100,
4160271,
4112112,
4312599,
4317834,
4310682,
4318759,
4135239,
4135124,
4304220,
4112124,
4159955,
4164860,
4133644,
4317858,
4135227,
4135136,
4319120,
4109848,
4317494,
4316301,
4317664,
4317196,
4313592,
4319351,
4300482,
4163582,
4135306,
4102490,
4135240,
4135811,
4112136,
4160854,
4159499,
4162115,
4135070,
4112173,
4113670,
4135161,
4120042,
4313257,
4103408,
4109824,
4314407,
4146559,
4138137,
4138149,
4124199,
4123055,
4124217,
4124205,
4151427,
4164896,
4127735,
4131490,
4163223,
4125180,
4163168,
4125179,
4126822,
4126834,
4134673,
4116932,
4316064,
4116920,
4113141,
4310840,
4104772,
4163491,
4116890,
4116907,
4162073,
4308961,
4116956,
4116889,
4116944,
4116877,
4165244,
4107785,
4127747,
4144356,
4157582,
4303045,
4302740,
4103226,
4109150,
4318632,
4151464,
4159761,
4110759,
4111296,
4100924,
4151567,
4151580,
4312812,
4102258,
4151476,
4151610,
4151440,
4151531,
4151543,
4164550,
4151609,
4151452,
4106495,
4106513,
4106501,
4160477,
4109162,
4119490,
4100936,
4151488,
4100948,
4312435,
4151592,
4313142,
4308584,
4151622,
4111132,
4307841,
4301000,
4102271,
4151506,
4151518,
4140156,
4146377,
4151439,
4157600,
4157594,
4150150,
4162723,
4137613,
4166807,
4137133,
4160817,
4135252,
4137601,
4126469,
4111028,
4107797,
4314225,
4126573,
4101552,
4126032,
4313750,
4303239,
4100080,
4126470,
4318449,
4307233,
4102763,
4316076,
4126019,
4125994,
4104784,
4113256,
4126317,
4161202,
4125982,
4104796,
4113268,
4126020,
4147412,
4118679,
4134685,
4166510,
4300950,
4132408,
4160453,
4137625,
4137637,
4137649,
4139476,
4140168,
4138836,
4121861,
4316635,
4115423,
4304347,
4311807,
4106525,
4100961,
4150691,
4150678,
4150708,
4119787,
4150721,
4111478,
4312083,
4110711,
4311984,
4102283,
4153485,
4167022,
4153217,
4106537,
4154052,
4103238,
4100651,
4106422,
4109095,
4119702,
4119714,
4159876,
4165220,
4153229,
4109186,
4164392,
4309497,
4125192,
4116968,
4105776,
4108443,
4147448,
4118680,
4147436,
4139506,
4118862,
4100602,
4139518,
4139531,
4139488,
4302041,
4127759,
4137650,
4137662,
4140181,
4101035,
4314778,
4317305,
4317317,
4301279,
4140259,
4140223,
4164872,
4140284,
4140247,
4140260,
4301796,
4307555,
4120364,
4109885,
4140211,
4112203,
4313695,
4114534,
4138848,
4134697,
4114522,
4106021,
4119428,
4152535,
4166984,
4119726,
4157855,
4133851,
4128508,
4128491,
4104802,
4107815,
4311674,
4302776,
4310335,
4308663,
4154854,
4154817,
4154842,
4106549,
4154829,
4164653,
4166492,
4119647,
4154830,
4159530,
4164288,
4121873,
4121885,
4104814,
4107827,
4112616,
4121915,
4121903,
4121939,
4121927,
4123067,
4123110,
4301887,
4112859,
4107839,
4319016,
4154301,
4137674,
4112215,
4301723,
4319417,
4120376,
4166625,
4109897,
4140302,
4147461,
4316118,
4147552,
4162966,
4147485,
4118722,
4147540,
4101965,
4147527,
4102994,
4100614,
4108455,
4159906,
4110528,
4147473,
4302053,
4316702,
4147515,
4147539,
4147503,
4105788,
4318176,
4165001,
4164471,
4165086,
4124230,
4104826,
4164252,
4124229,
4317123,
4316441,
4126305,
4303896,
4126445,
4126299,
4126676,
4126354,
4113281,
4104838,
4126342,
4106665,
4143546,
4318012,
4166947,
4164665,
4163648,
4166959,
4126871,
4121964,
4121952,
4115435,
4150502,
4157612,
4126883,
4165335,
4107852,
4113293,
4104851,
4107864,
4123122,
4112860,
4123134,
4104863,
4160945,
4129069,
4112872,
4123146,
4123158,
4100298,
4113554,
4104875,
4107888,
4128533,
4128545,
4128569,
4128466,
4311479,
4128557,
4128582,
4159736,
4128570,
4136050,
4136062,
4160957,
4125210,
4107906,
4124242,
4157740,
4133395,
4147564,
4114546,
4108467,
4118734,
4147606,
4147631,
4147588,
4101977,
4100626,
4300081,
4145208,
4105806,
4147576,
4147618,
4301528,
4131489,
4161160,
4133632,
4140326,
4112227,
4301401,
4301619,
4120388,
4147643,
4111065,
4156760,
4156772,
4133401,
4150666,
4113311,
4104887,
4113323,
4164938,
4126925,
4126937,
4126949,
4126901,
4107918,
4165128,
4126895,
4163363,
4104899,
4303197,
4301310,
4317469,
4126913,
4301164,
4126950,
4314018,
4148428,
4148404,
4148416,
4120017,
4146560,
4102295,
4156784,
4119337,
4109204,
4142694,
4123171,
4312897,
4127760,
4142785,
4125222,
4301668,
4133413,
4152547,
4124254,
4164525,
4153230,
4154313,
4153473,
4166558,
4150605,
4124266,
4137704,
4156802,
4156930,
4165694,
4319119,
4154891,
4119659,
4114613,
4157624,
4157636,
4147655,
4314511,
4115447,
4138897,
